
{
    "comment" : "This file is used to help set default values when using the dotnet CLI extension Amazon.ElasticBeanstalk.Tools. For more information run \"dotnet eb --help\" from the project root.",
    "profile" : "default",
    "region"  : "af-south-1",
    "application" : "DimDatPro20",
    "environment" : "DimDatPro20-prod",
    "cname"       : "dimentiondatapro",
    "solution-stack" : "64bit Windows Server 2019 v2.5.11 running IIS 10.0",
    "environment-type" : "SingleInstance",
    "instance-profile" : "aws-elasticbeanstalk-ec2-role",
    "service-role"     : "aws-elasticbeanstalk-service-role",
    "health-check-url" : "/",
    "instance-type"    : "c5.18xlarge",
    "key-pair"         : "DimDatPro",
    "iis-website"      : "Default Web Site",
    "app-path"         : "/",
    "enable-xray"      : false
}